track_id,frame_id,x,y,w,h,label
_x4f29hsem,1,843,637,163,220,DNoHelmetP1NoHelmetP2NoHelmet
_x4f29hsem,2,771,641,173,231,DNoHelmetP1NoHelmetP2NoHelmet
_x4f29hsem,3,698,646,185,240,DNoHelmetP1NoHelmetP2NoHelmet
_x4f29hsem,4,612,647,195,251,DNoHelmetP1NoHelmetP2NoHelmet
_x4f29hsem,5,525,649,206,261,DNoHelmetP1NoHelmetP2NoHelmet
_x4f29hsem,6,421,653,224,275,DNoHelmetP1NoHelmetP2NoHelmet
_x4f29hsem,7,316,658,242,288,DNoHelmetP1NoHelmetP2NoHelmet
_x4f29hsem,8,184,667,268,302,DNoHelmetP1NoHelmetP2NoHelmet
_x4f29hsem,9,52,676,294,317,DNoHelmetP1NoHelmetP2NoHelmet
_x4f29hsem,10,4,682,218,301,DNoHelmetP1NoHelmetP2NoHelmet
_uy9yux9zv,2,905,642,145,167,DNoHelmet
_uy9yux9zv,3,920,641,141,166,DNoHelmet
_uy9yux9zv,4,934,639,137,167,DNoHelmet
_uy9yux9zv,5,949,638,133,166,DNoHelmet
_uy9yux9zv,6,964,637,128,166,DNoHelmet
_uy9yux9zv,7,979,635,124,166,DNoHelmet
_uy9yux9zv,8,993,634,120,166,DNoHelmet
_uy9yux9zv,9,1005,634,114,163,DNoHelmet
_uy9yux9zv,10,1017,633,108,162,DNoHelmet
_uy9yux9zv,11,1030,633,101,160,DNoHelmet
_uy9yux9zv,12,1042,633,95,157,DNoHelmet
_uy9yux9zv,13,1052,632,96,156,DNoHelmet
_uy9yux9zv,14,1062,630,97,156,DNoHelmet
_uy9yux9zv,15,1072,629,98,155,DNoHelmet
_uy9yux9zv,16,1083,628,98,153,DNoHelmet
_uy9yux9zv,17,1093,627,99,152,DNoHelmet
_uy9yux9zv,18,1103,626,100,151,DNoHelmet
_uy9yux9zv,19,1115,626,100,150,DNoHelmet
_uy9yux9zv,20,1127,627,99,148,DNoHelmet
_uy9yux9zv,21,1140,627,98,147,DNoHelmet
_uy9yux9zv,22,1152,627,97,147,DNoHelmet
_uy9yux9zv,23,1164,627,97,146,DNoHelmet
_uy9yux9zv,24,1173,626,95,145,DNoHelmet
_uy9yux9zv,25,1183,625,93,145,DNoHelmet
_uy9yux9zv,26,1193,624,91,144,DNoHelmet
_uy9yux9zv,27,1202,623,89,143,DNoHelmet
_uy9yux9zv,28,1212,622,87,143,DNoHelmet
_uy9yux9zv,29,1222,621,85,142,DNoHelmet
_uy9yux9zv,30,1231,620,83,142,DNoHelmet
_uy9yux9zv,31,1241,619,81,141,DNoHelmet
_uy9yux9zv,32,1251,618,79,140,DNoHelmet
_uy9yux9zv,33,1260,617,77,140,DNoHelmet
_uy9yux9zv,34,1266,616,77,140,DNoHelmet
_uy9yux9zv,35,1272,616,76,139,DNoHelmet
_uy9yux9zv,36,1278,616,75,138,DNoHelmet
_uy9yux9zv,37,1283,615,76,138,DNoHelmet
_uy9yux9zv,38,1289,615,75,136,DNoHelmet
_uy9yux9zv,39,1295,615,74,135,DNoHelmet
_uy9yux9zv,40,1301,615,74,134,DNoHelmet
_uy9yux9zv,41,1307,614,73,134,DNoHelmet
_uy9yux9zv,42,1312,614,74,133,DNoHelmet
_uy9yux9zv,43,1320,614,74,132,DNoHelmet
_uy9yux9zv,44,1328,613,75,131,DNoHelmet
_uy9yux9zv,45,1336,613,76,130,DNoHelmet
_uy9yux9zv,46,1343,613,78,128,DNoHelmet
_uy9yux9zv,47,1351,612,78,128,DNoHelmet
_uy9yux9zv,48,1359,612,79,126,DNoHelmet
_uy9yux9zv,49,1367,612,80,125,DNoHelmet
_uy9yux9zv,50,1374,612,82,123,DNoHelmet
_uy9yux9zv,51,1382,611,83,123,DNoHelmet
_uy9yux9zv,52,1391,611,81,122,DNoHelmet
_uy9yux9zv,53,1400,610,80,122,DNoHelmet
_uy9yux9zv,54,1409,610,78,120,DNoHelmet
_uy9yux9zv,55,1418,609,76,120,DNoHelmet
_uy9yux9zv,56,1427,609,75,119,DNoHelmet
_uy9yux9zv,57,1436,609,73,118,DNoHelmet
_uy9yux9zv,58,1445,608,72,118,DNoHelmet
_uy9yux9zv,59,1454,608,70,116,DNoHelmet
_uy9yux9zv,60,1463,607,69,116,DNoHelmet
_uy9yux9zv,61,1471,607,68,115,DNoHelmet
_uy9yux9zv,62,1479,606,67,115,DNoHelmet
_uy9yux9zv,63,1487,605,67,115,DNoHelmet
_uy9yux9zv,64,1494,605,67,114,DNoHelmet
_uy9yux9zv,65,1502,604,66,114,DNoHelmet
_uy9yux9zv,66,1510,603,66,114,DNoHelmet
_uy9yux9zv,67,1518,603,65,113,DNoHelmet
_uy9yux9zv,68,1526,602,64,113,DNoHelmet
_uy9yux9zv,69,1534,602,64,112,DNoHelmet
_uy9yux9zv,70,1542,601,63,112,DNoHelmet
_uy9yux9zv,71,1550,600,62,112,DNoHelmet
_uy9yux9zv,72,1558,600,62,111,DNoHelmet
_uy9yux9zv,73,1566,599,61,111,DNoHelmet
_uy9yux9zv,74,1574,598,60,111,DNoHelmet
_uy9yux9zv,75,1582,598,60,110,DNoHelmet
_uy9yux9zv,76,1590,597,59,110,DNoHelmet
_uy9yux9zv,77,1598,596,58,110,DNoHelmet
_uy9yux9zv,78,1605,596,58,108,DNoHelmet
_uy9yux9zv,79,1612,595,58,108,DNoHelmet
_uy9yux9zv,80,1619,594,57,108,DNoHelmet
_uy9yux9zv,81,1625,594,58,106,DNoHelmet
_uy9yux9zv,82,1632,593,57,106,DNoHelmet
_uy9yux9zv,83,1639,592,57,106,DNoHelmet
_uy9yux9zv,84,1646,591,56,105,DNoHelmet
_uy9yux9zv,85,1653,591,56,104,DNoHelmet
_uy9yux9zv,86,1659,590,57,104,DNoHelmet
_uy9yux9zv,87,1666,589,56,103,DNoHelmet
_uy9yux9zv,88,1673,588,56,103,DNoHelmet
_uy9yux9zv,89,1680,588,55,102,DNoHelmet
_uy9yux9zv,90,1687,588,54,101,DNoHelmet
_uy9yux9zv,91,1694,587,54,101,DNoHelmet
_uy9yux9zv,92,1700,587,54,100,DNoHelmet
_uy9yux9zv,93,1707,587,53,100,DNoHelmet
_uy9yux9zv,94,1714,586,52,100,DNoHelmet
_uy9yux9zv,95,1721,586,52,99,DNoHelmet
_uy9yux9zv,96,1728,586,51,98,DNoHelmet
_uy9yux9zv,97,1734,585,51,98,DNoHelmet
_uy9yux9zv,98,1741,585,50,97,DNoHelmet
_uy9yux9zv,99,1748,585,50,96,DNoHelmet
_uy9yux9zv,100,1755,584,49,96,DNoHelmet
_q4b18swgd,1,1497,629,217,282,DHelmet
_q4b18swgd,2,1552,629,208,263,DHelmet
_q4b18swgd,3,1598,625,200,257,DHelmet
_q4b18swgd,4,1643,622,193,250,DHelmet
_q4b18swgd,5,1688,619,187,242,DHelmet
_q4b18swgd,6,1727,614,182,235,DHelmet
_q4b18swgd,7,1766,610,153,226,DHelmet
_q4b18swgd,8,1805,610,115,222,DHelmet
_e81mpo6ds,4,7,697,486,383,DHelmetP1Helmet
_e81mpo6ds,5,207,688,443,392,DHelmetP1Helmet
_e81mpo6ds,6,377,678,409,402,DHelmetP1Helmet
_e81mpo6ds,7,531,667,368,413,DHelmetP1Helmet
_e81mpo6ds,8,686,655,326,425,DHelmetP1Helmet
_e81mpo6ds,9,812,655,284,423,DHelmetP1Helmet
_e81mpo6ds,10,916,649,260,405,DHelmetP1Helmet
_e81mpo6ds,11,1020,643,237,386,DHelmetP1Helmet
_e81mpo6ds,12,1111,637,214,368,DHelmetP1Helmet
_e81mpo6ds,13,1190,631,201,355,DHelmetP1Helmet
_e81mpo6ds,14,1256,625,189,341,DHelmetP1Helmet
_e81mpo6ds,15,1322,619,176,328,DHelmetP1Helmet
_e81mpo6ds,16,1382,624,164,310,DHelmetP1Helmet
_e81mpo6ds,17,1437,621,156,297,DHelmetP1Helmet
_e81mpo6ds,18,1484,615,149,284,DHelmetP1Helmet
_e81mpo6ds,19,1531,609,141,271,DHelmetP1Helmet
_e81mpo6ds,20,1572,611,137,263,DHelmetP1Helmet
_e81mpo6ds,21,1614,613,131,254,DHelmetP1Helmet
_e81mpo6ds,22,1650,607,127,246,DHelmetP1Helmet
_e81mpo6ds,23,1686,604,124,240,DHelmetP1Helmet
_e81mpo6ds,24,1717,601,121,234,DHelmetP1Helmet
_e81mpo6ds,25,1745,598,118,228,DHelmetP1Helmet
_e81mpo6ds,26,1772,595,115,222,DHelmetP1Helmet
_e81mpo6ds,27,1799,592,112,216,DHelmetP1Helmet
_e81mpo6ds,28,1825,590,95,210,DHelmetP1Helmet
_q6v32gn0z,1,267,684,147,201,DNoHelmet
_q6v32gn0z,2,267,684,147,201,DNoHelmet
_q6v32gn0z,3,267,684,147,201,DNoHelmet
_q6v32gn0z,4,267,684,147,201,DNoHelmet
_q6v32gn0z,5,267,684,147,201,DNoHelmet
_q6v32gn0z,6,267,684,147,201,DNoHelmet
_q6v32gn0z,7,267,684,147,201,DNoHelmet
_q6v32gn0z,8,267,684,147,201,DNoHelmet
_q6v32gn0z,9,267,684,147,201,DNoHelmet
_q6v32gn0z,10,267,684,147,201,DNoHelmet
_q6v32gn0z,11,267,684,147,201,DNoHelmet
_q6v32gn0z,12,267,684,147,201,DNoHelmet
_q6v32gn0z,13,267,684,147,201,DNoHelmet
_q6v32gn0z,14,267,684,147,201,DNoHelmet
_q6v32gn0z,15,267,684,147,201,DNoHelmet
_q6v32gn0z,16,267,684,147,201,DNoHelmet
_q6v32gn0z,17,267,684,147,201,DNoHelmet
_q6v32gn0z,18,267,684,147,201,DNoHelmet
_q6v32gn0z,19,267,684,147,201,DNoHelmet
_q6v32gn0z,20,267,684,147,201,DNoHelmet
_q6v32gn0z,21,267,684,147,201,DNoHelmet
_q6v32gn0z,22,267,684,147,201,DNoHelmet
_q6v32gn0z,23,267,684,147,201,DNoHelmet
_q6v32gn0z,24,267,684,147,201,DNoHelmet
_q6v32gn0z,25,267,684,147,201,DNoHelmet
_q6v32gn0z,26,267,684,147,201,DNoHelmet
_q6v32gn0z,27,267,684,147,201,DNoHelmet
_q6v32gn0z,28,267,684,147,201,DNoHelmet
_q6v32gn0z,29,267,684,147,201,DNoHelmet
_q6v32gn0z,30,267,684,147,201,DNoHelmet
_q6v32gn0z,31,267,684,147,201,DNoHelmet
_q6v32gn0z,32,267,684,147,201,DNoHelmet
_q6v32gn0z,33,267,684,147,201,DNoHelmet
_q6v32gn0z,34,267,685,147,200,DNoHelmet
_q6v32gn0z,35,267,685,147,200,DNoHelmet
_q6v32gn0z,36,267,685,147,200,DNoHelmet
_q6v32gn0z,37,267,685,147,200,DNoHelmet
_q6v32gn0z,38,267,685,147,200,DNoHelmet
_q6v32gn0z,39,267,685,147,200,DNoHelmet
_q6v32gn0z,40,267,685,147,200,DNoHelmet
_q6v32gn0z,41,267,685,147,200,DNoHelmet
_q6v32gn0z,42,267,685,147,200,DNoHelmet
_q6v32gn0z,43,267,685,147,200,DNoHelmet
_q6v32gn0z,44,267,685,147,200,DNoHelmet
_q6v32gn0z,45,267,685,147,200,DNoHelmet
_q6v32gn0z,46,267,685,147,200,DNoHelmet
_q6v32gn0z,47,267,685,147,200,DNoHelmet
_q6v32gn0z,48,267,685,147,200,DNoHelmet
_q6v32gn0z,49,267,685,147,200,DNoHelmet
_q6v32gn0z,50,267,685,147,200,DNoHelmet
_q6v32gn0z,51,267,685,147,200,DNoHelmet
_q6v32gn0z,52,267,685,147,200,DNoHelmet
_q6v32gn0z,53,267,685,147,200,DNoHelmet
_q6v32gn0z,54,267,685,147,200,DNoHelmet
_q6v32gn0z,55,267,685,147,200,DNoHelmet
_q6v32gn0z,56,267,685,147,200,DNoHelmet
_q6v32gn0z,57,267,685,147,200,DNoHelmet
_q6v32gn0z,58,267,685,147,200,DNoHelmet
_q6v32gn0z,59,267,685,147,200,DNoHelmet
_q6v32gn0z,60,267,685,147,200,DNoHelmet
_q6v32gn0z,61,267,685,147,200,DNoHelmet
_q6v32gn0z,62,267,685,147,200,DNoHelmet
_q6v32gn0z,63,267,685,147,200,DNoHelmet
_q6v32gn0z,64,267,685,147,200,DNoHelmet
_q6v32gn0z,65,267,685,147,200,DNoHelmet
_q6v32gn0z,66,267,685,147,201,DNoHelmet
_q6v32gn0z,67,267,685,147,201,DNoHelmet
_q6v32gn0z,68,267,685,147,201,DNoHelmet
_q6v32gn0z,69,267,685,147,201,DNoHelmet
_q6v32gn0z,70,267,685,147,201,DNoHelmet
_q6v32gn0z,71,267,685,147,201,DNoHelmet
_q6v32gn0z,72,267,685,147,201,DNoHelmet
_q6v32gn0z,73,267,685,147,201,DNoHelmet
_q6v32gn0z,74,267,685,147,201,DNoHelmet
_q6v32gn0z,75,267,685,147,201,DNoHelmet
_q6v32gn0z,76,267,685,147,201,DNoHelmet
_q6v32gn0z,77,267,685,147,201,DNoHelmet
_q6v32gn0z,78,267,685,147,201,DNoHelmet
_q6v32gn0z,79,267,685,147,201,DNoHelmet
_q6v32gn0z,80,267,685,147,201,DNoHelmet
_q6v32gn0z,81,267,685,147,201,DNoHelmet
_q6v32gn0z,82,267,685,147,201,DNoHelmet
_q6v32gn0z,83,267,685,147,201,DNoHelmet
_q6v32gn0z,84,267,685,147,201,DNoHelmet
_q6v32gn0z,85,267,685,147,201,DNoHelmet
_q6v32gn0z,86,267,685,147,201,DNoHelmet
_q6v32gn0z,87,267,685,147,201,DNoHelmet
_q6v32gn0z,88,267,685,147,201,DNoHelmet
_q6v32gn0z,89,267,685,147,201,DNoHelmet
_q6v32gn0z,90,267,685,147,201,DNoHelmet
_q6v32gn0z,91,267,685,147,201,DNoHelmet
_q6v32gn0z,92,267,685,147,201,DNoHelmet
_q6v32gn0z,93,267,685,147,201,DNoHelmet
_q6v32gn0z,94,267,685,147,201,DNoHelmet
_q6v32gn0z,95,267,685,147,201,DNoHelmet
_q6v32gn0z,96,267,685,147,201,DNoHelmet
_q6v32gn0z,97,267,685,147,201,DNoHelmet
_q6v32gn0z,98,267,685,147,201,DNoHelmet
_q6v32gn0z,99,267,685,147,201,DNoHelmet
_q6v32gn0z,100,267,685,147,201,DNoHelmet
_ov2h9m3ux,1,373,676,180,199,DNoHelmet
_ov2h9m3ux,2,373,676,180,199,DNoHelmet
_ov2h9m3ux,3,373,676,180,199,DNoHelmet
_ov2h9m3ux,4,373,676,180,199,DNoHelmet
_ov2h9m3ux,5,373,676,180,199,DNoHelmet
_ov2h9m3ux,6,373,676,180,199,DNoHelmet
_ov2h9m3ux,7,373,676,180,199,DNoHelmet
_ov2h9m3ux,8,373,676,181,199,DNoHelmet
_ov2h9m3ux,9,373,676,181,199,DNoHelmet
_ov2h9m3ux,10,373,676,181,199,DNoHelmet
_ov2h9m3ux,11,373,676,181,199,DNoHelmet
_ov2h9m3ux,12,373,676,181,199,DNoHelmet
_ov2h9m3ux,13,373,676,181,199,DNoHelmet
_ov2h9m3ux,14,373,676,181,199,DNoHelmet
_ov2h9m3ux,15,373,676,181,199,DNoHelmet
_ov2h9m3ux,16,373,676,181,199,DNoHelmet
_ov2h9m3ux,17,373,676,181,199,DNoHelmet
_ov2h9m3ux,18,374,676,180,199,DNoHelmet
_ov2h9m3ux,19,374,676,180,199,DNoHelmet
_ov2h9m3ux,20,374,676,180,199,DNoHelmet
_ov2h9m3ux,21,374,676,180,199,DNoHelmet
_ov2h9m3ux,22,374,676,180,199,DNoHelmet
_ov2h9m3ux,23,374,676,180,199,DNoHelmet
_ov2h9m3ux,24,374,676,180,199,DNoHelmet
_ov2h9m3ux,25,374,676,180,199,DNoHelmet
_ov2h9m3ux,26,374,676,180,199,DNoHelmet
_ov2h9m3ux,27,374,676,180,199,DNoHelmet
_ov2h9m3ux,28,374,676,180,199,DNoHelmet
_ov2h9m3ux,29,374,676,180,199,DNoHelmet
_ov2h9m3ux,30,374,676,180,199,DNoHelmet
_ov2h9m3ux,31,374,676,180,199,DNoHelmet
_ov2h9m3ux,32,374,676,181,199,DNoHelmet
_ov2h9m3ux,33,374,676,181,199,DNoHelmet
_ov2h9m3ux,34,374,676,181,199,DNoHelmet
_ov2h9m3ux,35,374,676,181,199,DNoHelmet
_ov2h9m3ux,36,374,676,181,199,DNoHelmet
_ov2h9m3ux,37,374,676,181,199,DNoHelmet
_ov2h9m3ux,38,374,676,181,199,DNoHelmet
_ov2h9m3ux,39,374,676,181,199,DNoHelmet
_ov2h9m3ux,40,374,676,181,199,DNoHelmet
_ov2h9m3ux,41,374,676,181,199,DNoHelmet
_ov2h9m3ux,42,374,676,181,199,DNoHelmet
_ov2h9m3ux,43,375,676,180,199,DNoHelmet
_ov2h9m3ux,44,375,676,180,199,DNoHelmet
_ov2h9m3ux,45,375,676,180,199,DNoHelmet
_ov2h9m3ux,46,375,676,180,199,DNoHelmet
_ov2h9m3ux,47,375,676,180,199,DNoHelmet
_ov2h9m3ux,48,375,676,180,199,DNoHelmet
_ov2h9m3ux,49,375,676,180,199,DNoHelmet
_ov2h9m3ux,50,375,676,180,199,DNoHelmet
_ov2h9m3ux,51,375,676,180,199,DNoHelmet
_ov2h9m3ux,52,375,676,180,199,DNoHelmet
_ov2h9m3ux,53,375,676,180,199,DNoHelmet
_ov2h9m3ux,54,375,676,180,199,DNoHelmet
_ov2h9m3ux,55,375,676,180,199,DNoHelmet
_ov2h9m3ux,56,375,676,180,199,DNoHelmet
_ov2h9m3ux,57,375,676,181,199,DNoHelmet
_ov2h9m3ux,58,375,676,181,199,DNoHelmet
_ov2h9m3ux,59,375,676,181,199,DNoHelmet
_ov2h9m3ux,60,375,676,181,199,DNoHelmet
_ov2h9m3ux,61,375,676,181,199,DNoHelmet
_ov2h9m3ux,62,375,676,181,199,DNoHelmet
_ov2h9m3ux,63,375,676,181,199,DNoHelmet
_ov2h9m3ux,64,375,676,181,199,DNoHelmet
_ov2h9m3ux,65,375,676,181,199,DNoHelmet
_ov2h9m3ux,66,375,676,181,199,DNoHelmet
_ov2h9m3ux,67,375,676,181,199,DNoHelmet
_ov2h9m3ux,68,376,676,180,199,DNoHelmet
_ov2h9m3ux,69,376,676,180,199,DNoHelmet
_ov2h9m3ux,70,376,676,180,199,DNoHelmet
_ov2h9m3ux,71,376,676,180,199,DNoHelmet
_ov2h9m3ux,72,376,676,180,199,DNoHelmet
_ov2h9m3ux,73,376,676,180,199,DNoHelmet
_ov2h9m3ux,74,376,676,180,199,DNoHelmet
_ov2h9m3ux,75,376,676,180,199,DNoHelmet
_ov2h9m3ux,76,376,676,180,199,DNoHelmet
_ov2h9m3ux,77,376,676,180,199,DNoHelmet
_ov2h9m3ux,78,376,676,180,199,DNoHelmet
_ov2h9m3ux,79,376,676,180,199,DNoHelmet
_ov2h9m3ux,80,376,676,180,199,DNoHelmet
_ov2h9m3ux,81,376,676,180,199,DNoHelmet
_ov2h9m3ux,82,376,676,181,199,DNoHelmet
_ov2h9m3ux,83,376,676,181,199,DNoHelmet
_ov2h9m3ux,84,376,676,181,199,DNoHelmet
_ov2h9m3ux,85,376,676,181,199,DNoHelmet
_ov2h9m3ux,86,376,676,181,199,DNoHelmet
_ov2h9m3ux,87,376,676,181,199,DNoHelmet
_ov2h9m3ux,88,376,676,181,199,DNoHelmet
_ov2h9m3ux,89,376,676,181,199,DNoHelmet
_ov2h9m3ux,90,376,676,181,199,DNoHelmet
_ov2h9m3ux,91,376,676,181,199,DNoHelmet
_ov2h9m3ux,92,377,676,180,199,DNoHelmet
_ov2h9m3ux,93,377,676,180,199,DNoHelmet
_ov2h9m3ux,94,377,676,180,199,DNoHelmet
_ov2h9m3ux,95,377,676,180,199,DNoHelmet
_ov2h9m3ux,96,377,676,180,199,DNoHelmet
_ov2h9m3ux,97,377,676,180,199,DNoHelmet
_ov2h9m3ux,98,377,676,180,199,DNoHelmet
_ov2h9m3ux,99,377,676,180,199,DNoHelmet
_ov2h9m3ux,100,377,676,180,199,DNoHelmet
_ol6avrrr2,1,1441,613,62,103,DHelmet
_ol6avrrr2,2,1441,613,62,103,DHelmet
_ol6avrrr2,3,1441,613,62,103,DHelmet
_ol6avrrr2,4,1441,613,62,102,DHelmet
_ol6avrrr2,5,1441,613,62,102,DHelmet
_ol6avrrr2,6,1441,613,62,102,DHelmet
_ol6avrrr2,7,1441,613,62,102,DHelmet
_ol6avrrr2,8,1441,613,62,102,DHelmet
_ol6avrrr2,9,1441,613,62,102,DHelmet
_ol6avrrr2,10,1441,613,62,102,DHelmet
_ol6avrrr2,11,1441,613,62,102,DHelmet
_ol6avrrr2,12,1441,613,62,102,DHelmet
_ol6avrrr2,13,1441,613,62,102,DHelmet
_ol6avrrr2,14,1441,613,62,102,DHelmet
_ol6avrrr2,15,1441,613,62,102,DHelmet
_ol6avrrr2,16,1441,613,63,102,DHelmet
_ol6avrrr2,17,1441,613,63,102,DHelmet
_ol6avrrr2,18,1441,612,63,103,DHelmet
_ol6avrrr2,19,1441,612,63,103,DHelmet
_ol6avrrr2,20,1441,612,63,103,DHelmet
_ol6avrrr2,21,1441,612,63,103,DHelmet
_ol6avrrr2,22,1441,612,63,103,DHelmet
_ol6avrrr2,23,1441,612,63,103,DHelmet
_ol6avrrr2,24,1441,612,63,103,DHelmet
_ol6avrrr2,25,1441,612,63,103,DHelmet
_ol6avrrr2,26,1441,612,63,103,DHelmet
_ol6avrrr2,27,1441,612,63,103,DHelmet
_ol6avrrr2,28,1441,612,63,103,DHelmet
_ol6avrrr2,29,1441,612,63,103,DHelmet
_ol6avrrr2,30,1442,612,62,103,DHelmet
_ol6avrrr2,31,1442,612,62,103,DHelmet
_ol6avrrr2,32,1442,612,62,103,DHelmet
_ol6avrrr2,33,1442,612,62,103,DHelmet
_ol6avrrr2,34,1442,612,62,103,DHelmet
_ol6avrrr2,35,1442,612,62,103,DHelmet
_ol6avrrr2,36,1442,612,62,103,DHelmet
_ol6avrrr2,37,1442,612,62,103,DHelmet
_ol6avrrr2,38,1442,612,62,103,DHelmet
_ol6avrrr2,39,1442,612,62,103,DHelmet
_ol6avrrr2,40,1442,612,62,103,DHelmet
_ol6avrrr2,41,1442,612,62,102,DHelmet
_ol6avrrr2,42,1442,612,62,102,DHelmet
_ol6avrrr2,43,1442,612,62,102,DHelmet
_ol6avrrr2,44,1442,612,62,102,DHelmet
_ol6avrrr2,45,1442,612,62,102,DHelmet
_ol6avrrr2,46,1442,612,62,102,DHelmet
_ol6avrrr2,47,1442,612,62,102,DHelmet
_ol6avrrr2,48,1442,612,62,102,DHelmet
_ol6avrrr2,49,1442,612,62,102,DHelmet
_ol6avrrr2,50,1442,612,62,102,DHelmet
_ol6avrrr2,51,1442,612,62,102,DHelmet
_ol6avrrr2,52,1442,612,62,102,DHelmet
_ol6avrrr2,53,1442,612,63,102,DHelmet
_ol6avrrr2,54,1442,612,63,102,DHelmet
_ol6avrrr2,55,1442,611,63,103,DHelmet
_ol6avrrr2,56,1442,611,63,103,DHelmet
_ol6avrrr2,57,1442,611,63,103,DHelmet
_ol6avrrr2,58,1442,611,63,103,DHelmet
_ol6avrrr2,59,1442,611,63,103,DHelmet
_ol6avrrr2,60,1442,611,63,103,DHelmet
_ol6avrrr2,61,1442,611,63,103,DHelmet
_ol6avrrr2,62,1442,611,63,103,DHelmet
_ol6avrrr2,63,1442,611,63,103,DHelmet
_ol6avrrr2,64,1442,611,63,103,DHelmet
_ol6avrrr2,65,1442,611,63,103,DHelmet
_ol6avrrr2,66,1442,611,63,103,DHelmet
_ol6avrrr2,67,1443,611,62,103,DHelmet
_ol6avrrr2,68,1443,611,62,103,DHelmet
_ol6avrrr2,69,1443,611,62,103,DHelmet
_ol6avrrr2,70,1443,611,62,103,DHelmet
_ol6avrrr2,71,1443,611,62,103,DHelmet
_ol6avrrr2,72,1443,611,62,103,DHelmet
_ol6avrrr2,73,1443,611,62,103,DHelmet
_ol6avrrr2,74,1443,611,62,103,DHelmet
_ol6avrrr2,75,1443,611,62,103,DHelmet
_ol6avrrr2,76,1443,611,62,103,DHelmet
_ol6avrrr2,77,1443,611,62,103,DHelmet
_ol6avrrr2,78,1443,611,62,102,DHelmet
_ol6avrrr2,79,1443,611,62,102,DHelmet
_ol6avrrr2,80,1443,611,62,102,DHelmet
_ol6avrrr2,81,1443,611,62,102,DHelmet
_ol6avrrr2,82,1443,611,62,102,DHelmet
_ol6avrrr2,83,1443,611,62,102,DHelmet
_ol6avrrr2,84,1443,611,62,102,DHelmet
_ol6avrrr2,85,1443,611,62,102,DHelmet
_ol6avrrr2,86,1443,611,62,102,DHelmet
_ol6avrrr2,87,1443,611,62,102,DHelmet
_ol6avrrr2,88,1443,611,62,102,DHelmet
_ol6avrrr2,89,1443,611,62,102,DHelmet
_ol6avrrr2,90,1443,611,63,102,DHelmet
_ol6avrrr2,91,1443,611,63,102,DHelmet
_ol6avrrr2,92,1443,610,63,103,DHelmet
_ol6avrrr2,93,1443,610,63,103,DHelmet
_ol6avrrr2,94,1443,610,63,103,DHelmet
_ol6avrrr2,95,1443,610,63,103,DHelmet
_ol6avrrr2,96,1443,610,63,103,DHelmet
_ol6avrrr2,97,1443,610,63,103,DHelmet
_ol6avrrr2,98,1443,610,63,103,DHelmet
_ol6avrrr2,99,1443,610,63,103,DHelmet
_ol6avrrr2,100,1443,610,63,103,DHelmet
_7kioiwczg,17,846,781,334,299,DNoHelmet
_7kioiwczg,18,898,774,314,306,DNoHelmet
_7kioiwczg,19,950,767,294,313,DNoHelmet
_7kioiwczg,20,982,731,300,349,DNoHelmet
_7kioiwczg,21,1046,737,246,343,DNoHelmet
_7kioiwczg,22,1069,726,241,354,DNoHelmet
_7kioiwczg,23,1091,716,236,364,DNoHelmet
_7kioiwczg,24,1113,706,232,374,DNoHelmet
_7kioiwczg,25,1122,692,221,388,DNoHelmet
_7kioiwczg,26,1130,679,211,399,DNoHelmet
_7kioiwczg,27,1138,664,201,414,DNoHelmet
_7kioiwczg,28,1149,660,183,394,DNoHelmet
_7kioiwczg,29,1159,656,166,374,DNoHelmet
_7kioiwczg,30,1151,652,170,353,DNoHelmet
_7kioiwczg,31,1155,646,161,342,DNoHelmet
_7kioiwczg,32,1159,641,153,330,DNoHelmet
_7kioiwczg,33,1163,635,145,319,DNoHelmet
_7kioiwczg,34,1167,630,137,307,DNoHelmet
_7kioiwczg,35,1171,624,128,296,DNoHelmet
_7kioiwczg,36,1175,618,120,285,DNoHelmet
_7kioiwczg,37,1182,617,117,276,DNoHelmet
_7kioiwczg,38,1188,615,114,267,DNoHelmet
_7kioiwczg,39,1195,613,111,258,DNoHelmet
_7kioiwczg,40,1201,611,108,249,DNoHelmet
_7kioiwczg,41,1208,610,104,240,DNoHelmet
_7kioiwczg,42,1214,608,102,231,DNoHelmet
_7kioiwczg,43,1221,606,98,222,DNoHelmet
_7kioiwczg,44,1226,606,97,217,DNoHelmet
_7kioiwczg,45,1232,606,95,212,DNoHelmet
_7kioiwczg,46,1237,606,94,206,DNoHelmet
_7kioiwczg,47,1243,606,92,201,DNoHelmet
_7kioiwczg,48,1248,606,91,195,DNoHelmet
_7kioiwczg,49,1254,606,89,190,DNoHelmet
_7kioiwczg,50,1259,606,88,185,DNoHelmet
_7kioiwczg,51,1265,606,87,179,DNoHelmet
_7kioiwczg,52,1270,606,86,174,DNoHelmet
_7kioiwczg,53,1269,607,86,171,DNoHelmet
_7kioiwczg,54,1268,607,86,168,DNoHelmet
_7kioiwczg,55,1267,607,86,166,DNoHelmet
_7kioiwczg,56,1266,608,87,163,DNoHelmet
_7kioiwczg,57,1265,608,87,161,DNoHelmet
_7kioiwczg,58,1264,609,87,157,DNoHelmet
_7kioiwczg,59,1263,609,88,155,DNoHelmet
_7kioiwczg,60,1262,609,88,153,DNoHelmet
_7kioiwczg,61,1256,610,88,151,DNoHelmet
_7kioiwczg,62,1249,611,88,150,DNoHelmet
_7kioiwczg,63,1243,611,88,150,DNoHelmet
_7kioiwczg,64,1237,612,87,148,DNoHelmet
_7kioiwczg,65,1230,613,88,147,DNoHelmet
_7kioiwczg,66,1224,614,88,146,DNoHelmet
_7kioiwczg,67,1217,614,88,145,DNoHelmet
_7kioiwczg,68,1211,615,88,144,DNoHelmet
_7kioiwczg,69,1205,616,87,143,DNoHelmet
_7kioiwczg,70,1198,616,88,142,DNoHelmet
_7kioiwczg,71,1191,617,89,141,DNoHelmet
_7kioiwczg,72,1184,618,90,139,DNoHelmet
_7kioiwczg,73,1177,619,90,138,DNoHelmet
_7kioiwczg,74,1170,619,91,138,DNoHelmet
_7kioiwczg,75,1164,620,91,136,DNoHelmet
_7kioiwczg,76,1157,621,91,135,DNoHelmet
_7kioiwczg,77,1150,621,92,134,DNoHelmet
_7kioiwczg,78,1142,622,94,133,DNoHelmet
_7kioiwczg,79,1134,622,95,133,DNoHelmet
_7kioiwczg,80,1126,622,97,132,DNoHelmet
_7kioiwczg,81,1118,622,99,132,DNoHelmet
_7kioiwczg,82,1110,622,100,131,DNoHelmet
_7kioiwczg,83,1101,622,103,131,DNoHelmet
_7kioiwczg,84,1093,622,105,131,DNoHelmet
_7kioiwczg,85,1085,622,106,130,DNoHelmet
_7kioiwczg,86,1077,622,108,130,DNoHelmet
_7kioiwczg,87,1070,624,107,127,DNoHelmet
_7kioiwczg,88,1063,625,106,125,DNoHelmet
_7kioiwczg,89,1056,626,106,122,DNoHelmet
_7kioiwczg,90,1050,627,104,120,DNoHelmet
_7kioiwczg,91,1043,628,103,118,DNoHelmet
_7kioiwczg,92,1036,629,102,116,DNoHelmet
_7kioiwczg,93,1029,630,101,114,DNoHelmet
_detbzk7y8,66,7,720,483,360,DHelmetP1Helmet
_detbzk7y8,67,227,706,454,374,DHelmetP1Helmet
_detbzk7y8,68,447,691,395,389,DHelmetP1Helmet
_detbzk7y8,69,633,679,344,401,DHelmetP1Helmet
_detbzk7y8,70,789,670,306,401,DHelmetP1Helmet
_detbzk7y8,71,925,660,276,377,DHelmetP1Helmet
_detbzk7y8,72,1040,649,244,354,DHelmetP1Helmet
_detbzk7y8,73,1139,646,228,336,DHelmetP1Helmet
_detbzk7y8,74,1224,638,209,318,DHelmetP1Helmet
_detbzk7y8,75,1308,630,192,300,DHelmetP1Helmet
_detbzk7y8,76,1377,631,180,286,DHelmetP1Helmet
_detbzk7y8,77,1438,623,168,272,DHelmetP1Helmet
_detbzk7y8,78,1500,614,155,259,DHelmetP1Helmet
_detbzk7y8,79,1556,611,147,252,DHelmetP1Helmet
_detbzk7y8,80,1601,609,140,239,DHelmetP1Helmet
_detbzk7y8,81,1646,608,133,224,DHelmetP1Helmet
_detbzk7y8,82,1681,604,131,218,DHelmetP1Helmet
_detbzk7y8,83,1717,600,127,213,DHelmetP1Helmet
_detbzk7y8,84,1752,597,124,206,DHelmetP1Helmet
_detbzk7y8,85,1781,596,118,198,DHelmetP1Helmet
_detbzk7y8,86,1810,594,110,191,DHelmetP1Helmet
